{
  "ppx": 649.1263427734375,
  "ppy": 375.0322265625,
  "fx": 915.705078125,
  "fy": 914.4554443359375
}