{
  "transform_matrix": [
  [0.557745, -0.830012, 0.000000, -0.296773],
  [0.830012, 0.557745, 0.000000, -0.247336],
  [0.000000, 0.000000, 1.000000, 0.500000],
  [0.000000, 0.000000, 0.000000, 1.000000]
  ],
  "angle_deg": 56.100000
}
