{
  "vision_connect":         ["172.17.0.2", 8801],
  "gripper_connect":        ["127.0.0.1",  5002],
  "robot_info_connect":     ["127.0.0.1",  3030],
  "robot_cmd_connect":      ["127.0.0.1",  3033],

  "result_json_dir":        "/home/lynev/Documents/result.json",
  "guide_json_dir":         "/home/lynev/Documents/guide.json",

  "cls_Targets":     [0, 2, 4],
  "cls_Guides":      [1, 3, 5],

  "target_camera_pose": [
     0.00041608748554342045,  0.9999998448719181,    -0.00037030709442165317, -0.4701260070800781,
     0.9999972054141893,     -0.0004169481229974181, -0.0023270835984908872,   0.0360301628112793,
    -0.0023272376363428237,  -0.0003693377892035561, -0.999997223773437,       0.6797732543945313,
     0.0,                     0.0,                    0.0,                     1.0
  ],

  "normal_vel":             25,
  "slow_vel":               2,

  "forces":          [     0,    0,  -50,    0,    0,   10],
  "axis_directions": [     0,    0,    1,    0,    0,    1],

  "gripper_ready_value":    1500,
  "gripper_grip0_value":    950,
  "gripper_grip2_value":    1000,
  "gripper_grip4_value":    1000,
  "gripper_release_value":  1350,

  "target_ready_height":      0.400,
  "target_go2D_slow_height":  0.150,
  "target_grip_height":       0.050,
  "guide_move_height":        0.250,
  "guide_place_slow_height":  0.100,
  "guide_release_height":     0.020,

  "zero_matrix": [
    0.0, 0.0, 0.0, 0.0,
    0.0, 0.0, 0.0, 0.0,
    0.0, 0.0, 0.0, 0.0,
    0.0, 0.0, 0.0, 0.0
  ],

  "identity_matrix": [
    1.0, 0.0, 0.0, 0.0,
    0.0, 1.0, 0.0, 0.0,
    0.0, 0.0, 1.0, 0.0,
    0.0, 0.0, 0.0, 1.0
  ],
  
  "test_result": [
      223.234, 322, 54.5, 2
  ],


  "init_joint": [
    2.9919661435369993,    -0.14149567950770023,    1.6504852971450106,    3.616965391285435e-05,    1.6348476146982287,    1.4206483698006651
  ],
  "init_pose": [
     0.00041608748554342045,  0.9999998448719181,    -0.00037030709442165317, -0.4701260070800781,
     0.9999972054141893,     -0.0004169481229974181, -0.0023270835984908872,   0.0360301628112793,
    -0.0023272376363428237,  -0.0003693377892035561, -0.999997223773437,       0.6797732543945313,
     0.0,                     0.0,                    0.0,                     1.0
  ],
  "check_angle_pose": [
     0.000561736902368215,  0.9999994275299344,    -0.0009107093147668205,  -0.527627197265625,
     0.9999960422571673,   -0.000564245175006306,  -0.0027562832554316116,   0.803546142578125,
    -0.002756795540878646, -0.0009091574043956017, -0.9999957867467042,      0.4873616943359375,
     0.0,                   0.0,                    0.0,                     1.0
  ],
  "chuck_up_pose": [
     5.643957226186824e-06, 0.9999997613049648,    -0.0006909111078788334, -0.09174932861328125,
     0.9999967496569874,   -7.405509350744133e-06, -0.002549631467252072,   0.6716876831054688,
    -0.002549635975216369, -0.0006908944721697979, -0.9999965110045246,     0.4500216369628906,
     0.0,                   0.0,                    0.0,                    1.0
  ],
  "chuck_pose": [
     5.643957226186824e-06,  0.9999997613049648,    -0.0006909111078788334, -0.09174932861328125,
     0.9999967496569874,    -7.405509350744133e-06, -0.002549631467252072,   0.6716876831054688,
    -0.002549635975216369,  -0.0006908944721697979, -0.9999965110045246,     0.2750216369628906,
     0.0,                    0.0,                    0.0,                    1.0
  ],
  "remove_z": 0.2778,
  "place_pose": [
    -0.000071,  1.0,      -0.000226, -0.517256,
     1.0,       0.000071, -0.000233,  0.434563,
    -0.000233, -0.000226, -1.0,       0.320387,
     0.0,       0.0,       0.0,       1.0
  ],
  "place_bin_up_pose": [
    -0.000289,  1.0,      -0.000212, -0.57723,
     1.0,       0.000289, -0.000221,  0.59094,
    -0.000221, -0.000212, -1.0,       0.235057,
     0.0,       0.0,       0.0,       1.0
  ],
  "place_z":                0.190057,
  "place_obj_offset_x":     0.11066,
  "place_obj_offset_y":     0.0688525
}