{
  "ppx": 639.812255859375,
  "ppy": 360.4892578125,
  "fx": 920.1473388671875,
  "fy": 919.9830932617188
}